insert into identificaciones values ('CED','CEDULA');
insert into identificaciones values ('RUC','RUC');
insert into identificaciones values ('PAS','PASAPORTE');
SELECT * FROM IDENTIFICACIONES;
--INGRESAR CIUDADES
INSERT INTO CIUDADES (DETALLES_CIU) VALUES('AMBATO');
INSERT INTO CIUDADES (DETALLES_CIU) VALUES('QUITO');
INSERT INTO CIUDADES (DETALLES_CIU) VALUES('RIOBAMBA');
SELECT *FROM CIUDADES;
--CLIENETES
INSERT INTO CLIENTES(NOMBRES,APELLIDOS, CEDULA,ID_CIUDADES,ID_IDENTIFICACION,DIRECCION)
VALUES('FACUNDO','RODRIGUES','100101',1,'CED','CALLE PRIVERO 41');
INSERT INTO CLIENTES(NOMBRES,APELLIDOS, CEDULA,ID_CIUDADES,ID_IDENTIFICACION,DIRECCION)
VALUES('NATHALIA','MARTINEZ','100102',2,'RUC','CALLE SAN ELOY 82');
INSERT INTO CLIENTES(NOMBRES,APELLIDOS, CEDULA,ID_CIUDADES,ID_IDENTIFICACION,DIRECCION)
VALUES('CARLOS','GARCIA','100103',3,'PAS','AVENIDAD ITALIA 245');
SELECT *FROM CLIENTES;
--TELEFONOS
INSERT INTO TELEFONOS (ID_CLIENTE,CEDULA,OPERADORA, NUMERO)
VALUES('1','100101','CLARO','091234561');
INSERT INTO TELEFONOS (ID_CLIENTE,CEDULA,OPERADORA, NUMERO)
VALUES('1','100101','CNT','0994357891');
INSERT INTO TELEFONOS (ID_CLIENTE,CEDULA,OPERADORA, NUMERO)
VALUES('1','100101','MOVISTAR','0984567892');
INSERT INTO TELEFONOS (ID_CLIENTE,CEDULA,OPERADORA, NUMERO)
VALUES('1','100101','CNT','0994357892');
INSERT INTO TELEFONOS (ID_CLIENTE,CEDULA,OPERADORA, NUMERO)
VALUES('1','100101','CONVENCIONAL','645982');
INSERT INTO TELEFONOS (ID_CLIENTE,CEDULA,OPERADORA, NUMERO)
VALUES('1','100101','CLARO','0961234563');

INSERT INTO TELEFONOS (ID_CLIENTE,CEDULA,OPERADORA, NUMERO)
VALUES('2','100102','CLARO','0961234564');
INSERT INTO TELEFONOS (ID_CLIENTE,CEDULA,OPERADORA, NUMERO)
VALUES('2','100102','MOVISTAR','0984567894');
INSERT INTO TELEFONOS (ID_CLIENTE,CEDULA,OPERADORA, NUMERO)
VALUES('2','100102','CNT','0994357894');
INSERT INTO TELEFONOS (ID_CLIENTE,CEDULA,OPERADORA, NUMERO)
VALUES('2','100102','CONVENCIONAL','645984');
INSERT INTO TELEFONOS (ID_CLIENTE,CEDULA,OPERADORA, NUMERO)
VALUES('2','100102','MOVISTAR','0984567895');

INSERT INTO TELEFONOS (ID_CLIENTE,CEDULA,OPERADORA, NUMERO)
VALUES('3','100103','CLARO','0961234566');
INSERT INTO TELEFONOS (ID_CLIENTE,CEDULA,OPERADORA, NUMERO)
VALUES('3','100103','CNT','0994357896');

SELECT * FROM TELEFONOS;

--CORREOS
INSERT INTO CORREOS(ID_CLIENTE,CEDULA,DETALLE)
VALUES(1,'100101','fac.rodriguez@gmail.com');
INSERT INTO CORREOS(ID_CLIENTE,CEDULA,DETALLE)
VALUES(2,'100102','naty.martinez@yahoo.com');
INSERT INTO CORREOS(ID_CLIENTE,CEDULA,DETALLE)
VALUES(2,'100102','natalia_martinez@empresa.com');
INSERT INTO CORREOS(ID_CLIENTE,CEDULA,DETALLE)
VALUES(3,'100103','carlos1977@gmail.com');
SELECT * FROM CORREOS;

--ARTICULOS
INSERT INTO ARTICULOS VALUES('2-0023-D','TECLADO INALAMBRICO',24);
INSERT INTO ARTICULOS VALUES('4-0023-D','Cable red UTP RJ45',0.90);
INSERT INTO ARTICULOS VALUES('5-0023-D','Cámara web USB',65);
INSERT INTO ARTICULOS VALUES('1-0023-D','Auriculares inalámbricos',75);
INSERT INTO ARTICULOS VALUES('3-0023-D','Mini Adaptador USB-C USB 2.0',0.75);
SELECT * FROM ARTICULOS;

--FACTURAS
INSERT INTO FACTURAS (ID_CLIENTE,CEDULA,NUM_FAC,FECHA,SUBTOTAL,IVA,TOTAL_FAC)
VALUES(1,'100101',335,'01-08-2022',281.96,33.84,315.80);
INSERT INTO FACTURAS (ID_CLIENTE,CEDULA,NUM_FAC,FECHA,SUBTOTAL,IVA,TOTAL_FAC)
VALUES(2,'100102',335,'02-08-2022',147.32,17.68,165);
INSERT INTO FACTURAS (ID_CLIENTE,CEDULA,NUM_FAC,FECHA,SUBTOTAL,IVA,TOTAL_FAC)
VALUES(3,'100103',335,'02-08-2022',535.71,64.29,600);

--DETALLES FACTURA
INSERT INTO DETALLES_FAC (CODIGO_ART,ID_FACTURA,ITEM_DE,UNIDADES,PRECIO,SUBTOTAL)
VALUES('2-0023-D',1,1,10,24,240);
INSERT INTO DETALLES_FAC (CODIGO_ART,ID_FACTURA,ITEM_DE,UNIDADES,PRECIO,SUBTOTAL)
VALUES('4-0023-D',1,2,12,0.90,10.80);
INSERT INTO DETALLES_FAC (CODIGO_ART,ID_FACTURA,ITEM_DE,UNIDADES,PRECIO,SUBTOTAL)
VALUES('5-0023-D',1,3,1,65,65);
INSERT INTO DETALLES_FAC (CODIGO_ART,ID_FACTURA,ITEM_DE,UNIDADES,PRECIO,SUBTOTAL)
VALUES('1-0023-D',2,1,2,75,150);
INSERT INTO DETALLES_FAC (CODIGO_ART,ID_FACTURA,ITEM_DE,UNIDADES,PRECIO,SUBTOTAL)
VALUES('3-0023-D',2,2,20,0.75,15);
INSERT INTO DETALLES_FAC (CODIGO_ART,ID_FACTURA,ITEM_DE,UNIDADES,PRECIO,SUBTOTAL)
VALUES('2-0023-D',3,1,25,24,600);
SELECT * FROM DETALLES_FAC;

--FORMAS PAGO
INSERT INTO FORMAS_DE_PAGO (NOMBRE_PAG)VALUES('EFECTIVO');
INSERT INTO FORMAS_DE_PAGO (NOMBRE_PAG)VALUES('TRANSFERENCIA');
INSERT INTO FORMAS_DE_PAGO (NOMBRE_PAG)VALUES('TARJETA CREDITO');
SELECT * FROM FORMAS_DE_PAGO;

--PAGOS
INSERT INTO PAGOS(ID_FP,ID_FACTURA,VALOR)VALUES(1,1,200);
INSERT INTO PAGOS(ID_FP,ID_FACTURA,VALOR)VALUES(3,1,115.80);
INSERT INTO PAGOS(ID_FP,ID_FACTURA,VALOR)VALUES(2,2,165);
INSERT INTO PAGOS(ID_FP,ID_FACTURA,VALOR)VALUES(3,3,400);
INSERT INTO PAGOS(ID_FP,ID_FACTURA,VALOR)VALUES(2,3,200);
SELECT * FROM PAGOS;


